旧键冲突切换	Old-binding switch	旧配置の切り替え
已改	Changed	変更済み
{{0}}出现频率	{{0}} frequency	{{0}}の出題頻度
不练	Off	練習しない
普通	Normal	通常
高频	Frequent	高頻度
重点	Focus	重点
整组	Sequence: 	全
步，跟随高亮逐步完成。错键保留当前步骤，完成一整组后重新开始。	 steps. Follow the highlighted step. Mistakes keep the current step; completing the sequence starts it again.	ステップ。ハイライトに従って入力します。間違えた場合は同じステップを続け、すべて完了すると最初に戻ります。
。等下一步高亮再按；间隔用于练习节奏，不代表游戏动画或身法判定窗口。	. Wait for the next highlight. These pauses set the practice pace; they are not game animation or movement timing windows.	。次のハイライトを待って入力してください。この間隔は練習用で、ゲーム内のアニメーションや移動テクニックの判定時間ではありません。
两步之间的停顿	Pause between steps	ステップ間の待ち時間
立即	None	なし
怎么练	How to practice	練習方法
玩家教程 ·	Community guide · 	プレイヤーの解説 · 
按教程主题选编的简化练习，完整动作请查看原视频。	A simplified drill based on the guide topic. Watch the original video for the full technique.	解説のテーマをもとにした簡易練習です。詳しい操作は元の動画をご確認ください。
按键场景编排 · 用于改键适应	Input drill · Remap practice	操作シーケンス · 配置変更の練習
回到随机改键专项	Back to random remap drills	ランダム配置練習に戻る
动作出现频率	Action frequency	アクションの出題頻度
键位对照	Bindings	ボタン配置
其他动作（切枪等）	Other actions (weapon swap, etc.)	その他のアクション（武器切り替えなど）
改过的动作与冲突组合加练 ×3	Boost changed actions and conflicts ×3	変更したアクションと競合の頻度を3倍にする
先填写旧方案，即可自动识别冲突并加练。	Enter your old bindings to detect conflicts and practice them more often.	以前の配置を入力すると、競合を検出して重点的に練習できます。
连续动作与节奏	Sequences and timing	連続アクションとテンポ
组	 sequences	組
连续动作比例	Sequence frequency	連続アクションの割合
按动作组抽取，其余为单动作；每组按顺序练完。	Choose a sequence at this rate; otherwise practice a single action. Complete each sequence in order.	この割合で連続アクションが選ばれ、それ以外は単独アクションになります。各組を順番に完了してください。
组内切题间隔	Step interval	ステップの切り替え間隔
连续动作组	Action sequences	連続アクション
组可用	 available	組が利用可能
{{0}}频率	{{0}} frequency	{{0}}の頻度
最高	Maximum	最大
{{0}}第{{1}}步	{{0}} step {{1}}	{{0}}：ステップ{{1}}
（自动奔跑，不练）	 (auto-sprint, excluded)	（自動スプリントのため対象外）
删除此动作组	Delete this sequence	この組を削除
删除{{0}}	Delete {{0}}	{{0}}を削除
包含未启用或不练的动作，本组暂不出题。	This sequence includes a disabled or excluded action and will be skipped.	無効または対象外のアクションを含むため、この組は出題されません。
自定义动作组 {{0}}	Custom sequence {{0}}	カスタム連続アクション {{0}}
添加动作组	Add sequence	連続アクションを追加
另有	Also available: 	追加で
组旧键冲突自动加练，例如：	 old-binding conflict drills, for example: 	組の旧配置競合を自動練習できます。例：
。	.	。
当前没有可用动作组，将使用单动作训练。	No sequences are available. Single-action practice will be used.	利用可能な組がないため、単独アクションを練習します。
未提供布局	Layout not provided	配置が未指定
Apex 标准布局	Apex standard layout	Apex 標準配置
Apex 自定义布局	Apex custom layout	Apex カスタム配置
自定义布局数组缺失或无效：需要 gamepad_custom_pilot 的 14 / 15 个不重复动作编号。	The custom layout is missing or invalid. gamepad_custom_pilot requires 14 or 15 unique action IDs.	カスタム配置が未指定または無効です。gamepad_custom_pilot には重複のない14個または15個のアクション番号が必要です。
暂不能可靠识别布局编号 {{0}}，请在游戏切换为自定义布局后导入，或手动设置。	Layout {{0}} is not supported reliably. Switch to a custom layout in Apex and import again, or enter bindings manually.	配置番号{{0}}には対応していません。ゲーム内でカスタム配置に切り替えて再読み込みするか、手動で設定してください。
缺少 gamepad_button_layout，无法判断自定义数组是否正在生效。	gamepad_button_layout is missing, so the active layout cannot be determined.	gamepad_button_layout がないため、カスタム配置が有効か判断できません。
检测到左右手交换选项，暂不自动套用其布局，请手动核对。	A southpaw option was detected. Check the bindings manually; this layout is not applied automatically.	左右入れ替え設定を検出しました。自動適用せず、手動で配置を確認してください。
{{0}} 有多个物理绑定，保留最后一项，请在预览中核对。	{{0}} has multiple bindings. The last one is kept; check the preview.	{{0}}に複数の割り当てがあります。最後の設定を使用するため、プレビューで確認してください。
第 {{0}} 行使用未知 ability 编号 {{1}}，未应用。	Line {{0}} uses unknown ability ID {{1}} and was skipped.	{{0}}行目の ability 番号{{1}}は不明なため、適用していません。
第 {{0}} 行的手柄指令{{1}}，未自动应用。	The controller command on line {{0}} {{1}} and was not applied.	{{0}}行目のコントローラーコマンドは{{1}}ため、自動適用していません。
包含多个动作	contains multiple actions	複数のアクションを含む
暂不支持	is not supported	未対応の
settings.cfg 中的 +ability 只是按键槽位，无法单独确定改键结果。请同时选择对应的 profile.cfg（旧方案选择 profile_backup.cfg）。	The +ability entries in settings.cfg are button slots and cannot identify the remapped actions alone. Also select profile.cfg, or profile_backup.cfg for the old layout.	settings.cfg の +ability はボタンのスロットであり、単独では変更後の配置を特定できません。profile.cfg（旧配置は profile_backup.cfg）も選択してください。
{{0}} 未识别，将保留原设置。	{{0}} was not recognized. Its current setting will be kept.	{{0}}を認識できなかったため、現在の設定を保持します。
大招按「战术技能键 + 标记键」生成，可在对照表中手动调整。	Ultimate uses Tactical + Ping. You can edit it in the bindings table.	アルティメットは「戦術アビリティ＋シグナル」で生成します。配置表で手動調整できます。
已忽略长按绑定；滑铲按蹲下键训练，换弹按互动 / 换弹键训练。	Hold bindings were ignored. Slide uses Crouch; Reload uses Interact / Reload.	長押しの割り当ては無視します。スライディングはしゃがみ、リロードはアクション／リロードのボタンで練習します。
没有识别到可用的 Xbox 动作绑定，请选择 Apex 的 settings.cfg 或 profile.cfg。	No supported controller bindings were found. Select Apex settings.cfg or profile.cfg.	対応するコントローラー配置が見つかりません。Apex の settings.cfg または profile.cfg を選択してください。
训练场	Practice	トレーニング
训练记录	History	練習履歴
使用指南	Guide	使い方
面部按键	Face buttons	フェイスボタン
肩键与扳机	Bumpers / triggers	ショルダー／トリガー
摇杆按压	Stick clicks	スティック押し込み
十字方向键	D-pad	方向キー
功能按键	System buttons	機能ボタン
手动录入的旧方案	Old bindings (captured)	旧配置（入力）
手动录入的当前方案	Current bindings (captured)	現在の配置（入力）
按键识别	Button practice	ボタン練習
连招训练	Combo practice	連続操作練習
改键专项	Remap practice	配置変更の練習
动作记忆	Action memory	アクション記憶
Input Range 首页	Input Range home	Input Range ホーム
训练空间	Practice space	練習スペース
主导航	Main navigation	メインナビゲーション
一点练习，更多本能。	Practice builds instinct.	練習を重ね、自然な操作へ。
今天已完成	Completed today: 	今日の正解：
次正确输入	 correct inputs	回
每日小目标	Daily target	今日の目標
数据仅保存在当前浏览器	Stored in this browser only	このブラウザー内だけに保存
工作空间	Workspace	ワークスペース
本地训练	Local practice	ローカル練習
把新键位，练成	Make new bindings 	新しい配置を、
下意识。	second nature.	自然な操作に。
看清改动，练掉旧习惯。	See the changes. Build new habits.	変更を確認して、操作を覚え直そう。
每一次练习，都有迹可循。	Track every practice session.	練習の成果を振り返ろう。
从连接手柄开始。	Start by connecting your controller.	コントローラーを接続しよう。
为 Apex 改键后的适应期而生。少一点误触，多一点肌肉记忆。	Get comfortable with your new Apex bindings. Fewer wrong presses, more muscle memory.	Apex の配置変更に慣れるための練習。押し間違いを減らし、操作を身につけましょう。
导入 Apex 配置，对照改键前后，让高频动作接得更顺。	Import Apex settings, compare layouts and practice common transitions.	Apex の設定を読み込み、新旧の配置を比較して、よく使う操作を練習します。
回顾反应速度与误触，找到下一次练习的重点。	Review reaction times and mistakes to choose what to practice next.	反応時間と押し間違いを振り返り、次の練習に役立てましょう。
一分钟准备，把注意力交给下一次输入。	Get ready in a minute, then focus on the next input.	準備は約1分。次の入力に集中しましょう。
键盘体验模式	Keyboard demo	キーボード体験
手柄已连接	Controller connected	接続済み
非标准映射	Nonstandard mapping	非標準マッピング
等待手柄连接	Waiting for controller	接続待ち
模拟输入 · 单独记录	Demo input · Separate records	模擬入力 · 別途記録
连接后按任意手柄键	Press a controller button to connect	接続後にボタンを押してください
浏览器存储不可用。本次仍可训练，关闭页面后设置与成绩可能丢失。	Browser storage is unavailable. You can practice, but settings and results may be lost when the page closes.	ブラウザーに保存できません。練習はできますが、ページを閉じると設定や結果が失われる場合があります。
手柄键位显示	Controller labels	ボタン表示
自动识别	Auto-detect	自動判別
当前：	Current: 	現在：
· 保留 Apex 动作绑定	· Apex bindings are preserved	· Apex の割り当てを保持
DS4Windows 显示为 Xbox 时，可在这里手动选择 PS 手柄。	If DS4Windows reports an Xbox controller, select PS labels here.	DS4Windows で Xbox と表示される場合は、ここで PS コントローラーを選択できます。
训练面板	Practice panel	練習パネル
反应训练	Reaction practice	反応練習
准备就绪	Ready	準備完了
本轮完成	Session complete	練習完了
已暂停	Paused	一時停止中
训练中	In progress	練習中
手指就位 · 即将开始	Get ready · Starting soon	指を準備 · まもなく開始
看清提示，按下对应按键	Read the prompt and press the matching button	表示に対応するボタンを押してください
训练已暂停	Practice paused	練習を一時停止しました
继续训练	Resume	再開
又离本能近了一点。	One step closer to instinct.	また一歩、自然な操作に近づきました。
准备好了，再试一次。	Ready when you are.	準備ができたら、もう一度。
{{0}}成绩已记录 · {{1}} 次正确输入 · 最佳连击 {{2}}	{{0}} saved · Correct: {{1}} · Best streak: {{2}}	{{0}}を記録しました · 正解：{{1}}回 · 最長連続正解：{{2}}
体验	Demo	体験
训练	Practice	練習
本轮还没有输入，不计入训练记录。	No inputs in this session; no record was saved.	入力がなかったため、この回は記録されません。
再练一轮	Practice again	もう一度練習
按下对应的手柄按键	Press the matching controller button	対応するボタンを押してください
这个动作，应该按哪一键？	Which button performs this action?	このアクションはどのボタン？
把注意力，放在下一次输入	Focus on the next input	次の入力に集中しましょう
请选择练习范围	Choose buttons to practice	練習するボタンを選択してください
对应按键	Button: 	対応ボタン：
两个按键同时按下	Press both buttons together	2つのボタンを同時に押してください
完成！{{0}} 秒后进入下一步	Done! Next step in {{0}} s	完了！{{0}}秒後に次のステップへ
跟随高亮按键 · 过渡停顿时不用输入	Follow the highlight · Wait during transitions	ハイライトに従って入力 · 待ち時間中は入力不要
想起你的游戏键位，然后按下它	Recall your binding, then press it	ゲームの配置を思い出して押してください
正确！	Correct! 	正解！
按回旧键 {{0}} 了，试试当前键位	That was the old button, {{0}}. Try your new binding.	以前のボタン{{0}}を押しました。現在の配置で試してください。
按到了 {{0}}，再试一次	You pressed {{0}}. Try again.	{{0}}を押しました。もう一度試してください。
一次专注的练习，就是进步的开始。	One focused session is a step forward.	集中した練習が上達の第一歩です。
体验按键：{{0}}	Demo key: {{0}}	体験キー：{{0}}
方向键 	Arrow 	方向キー 
按你的映射输入，可打开按键提示	Use your bindings, or enable button hints	設定した配置で入力するか、ボタンヒントを有効にしてください
按错后继续尝试，直到按对为止	Keep trying until you press the correct button	正しいボタンを押すまで続けてください
开始训练	Start practice	練習開始
请在右侧至少选择一个按键	Select at least one button in the settings	設定で1つ以上のボタンを選択してください
连接 Xbox / PS 手柄，按任意键唤醒	Connect an Xbox / PS controller and press any button	Xbox／PS コントローラーを接続してボタンを押してください
{{0}}专注练习 · {{1}}	{{0}} practice · {{1}}	{{0}}の練習 · {{1}}
{{0}} 秒	{{0}} s	{{0}}秒
不限时	Untimed	時間制限なし
{{0}} 步连招	{{0}}-step combo	{{0}}ステップの連続操作
{{0}} 个训练目标	Targets: {{0}}	練習対象：{{0}}
剩余时间	Time left	残り時間
训练用时	Elapsed	経過時間
暂停	Pause	一時停止
结束	End	終了
专注练习	Stay focused	練習に集中
本轮统计	Session statistics	今回の統計
正确率	Accuracy	正解率
{{0}} 次正确 / {{1}} 次输入	{{0}} correct / {{1}} total	{{1}}回中{{0}}回正解
平均反应	Avg. reaction	平均反応時間
从出现提示到正确输入	Prompt to correct input	表示から正解入力まで
当前连击	Current streak	連続正解
最佳连击 {{0}} 次	Best streak: {{0}}	最長連続正解：{{0}}回
错误次数	Mistakes	ミス
其中 {{0}} 次按回旧键	Old-binding mistakes: {{0}}	うち旧配置のミス：{{0}}回
{{0}} 个动作已改键，重新建立动作顺序。	{{0}} remapped actions. Rebuild the sequence.	{{0}}個のアクションを変更済み。操作の順番を覚え直しましょう。
从高频动作开始，逐步建立新习惯。	Start with frequent actions and build new habits.	よく使うアクションから、新しい操作を身につけましょう。
滑铲 → 换弹 · 跳跃 ↔ 技能 · 技能与大招。旧键冲突自动往返练习，答对一整组再切换场景。	Slide → Reload · Jump ↔ Tactical · Tactical and Ultimate. Practice old-binding conflicts both ways; finish each sequence before switching.	スライディング→リロード、ジャンプ↔アビリティ、アビリティとアルティメット。旧配置の競合を往復で練習し、各組を完了してから次に進みます。
查看前后对照	Compare bindings	新旧配置を比較
输入轨迹	Input history	入力履歴
最近 9 次	Last 9 inputs	直近9回
误按 {{0}}，应按 {{1}}	Pressed {{0}}; expected {{1}}	{{0}}を入力、正解は{{1}}
 · 按回旧键	 · Old binding	 · 旧配置
旧	Old	旧
你的每一次输入，都会在这里留下轨迹。	Your inputs will appear here.	入力内容がここに表示されます。
训练设置	Practice settings	練習設定
训练模式	Mode	練習モード
看到 {{0}}，按下 {{1}}。先熟悉手柄的位置。	See {{0}}, press {{1}}. Learn the button positions first.	{{0}}が表示されたら{{1}}を押します。まずボタンの位置を覚えましょう。
高频动作与旧键冲突，加上连续动作训练。	Practice frequent actions, old-binding conflicts and sequences.	頻出アクション、旧配置との競合、連続操作を練習します。
看到「跳跃」，按下你为它绑定的按键。	When you see Jump, press the button you assigned to it.	「ジャンプ」が表示されたら、割り当てたボタンを押します。
自动奔跑 · 冲刺不出题	Auto-sprint · Sprint is excluded	自動スプリント · ダッシュは出題しません
单轮时长	Session length	練習時間
秒	 s	秒
自由	Free	自由
练习范围	Practice range	練習範囲
个按键	 buttons	ボタン
练习 	Practice 	練習：
声音反馈	Sound	効果音
按键提示	Button hints	ボタンヒント
显示动作对应按键	Show action buttons	対応するボタンを表示
本轮结束后可以调整设置	Settings unlock after this session	練習終了後に設定を変更できます
手柄监视器	Controller monitor	コントローラー表示
正在按下 {{0}}	Pressed: {{0}}	入力中：{{0}}
实时输入已就绪	Live input ready	入力を受信中
需要浏览器标准映射	Browser standard mapping required	ブラウザーの標準マッピングが必要です
按下按键，在这里查看反馈	Press a button to see it here	ボタンを押すとここに表示されます
Xbox / DS4 / DualSense · USB / 蓝牙	Xbox / DS4 / DualSense · USB / Bluetooth	Xbox / DS4 / DualSense · USB / Bluetooth
键盘模拟输入	Keyboard simulation	キーボード模擬入力
{{0}} · 标准映射	{{0}} · Standard mapping	{{0}} · 標準マッピング
使用手柄	Use controller	コントローラーを使用
键盘体验	Keyboard demo	キーボード体験
= F/J · 方向键 ·	= F/J · Arrow keys · 	= F/J · 方向キー · 
慢一点，反而快一点。	Slow down to improve.	焦らず、確実に。
先追求准确，再追求速度。每天练习 5 分钟，让新键位成为自然反应。	Accuracy first, speed later. Practice five minutes a day to make new bindings feel natural.	まずは正確さ、その次に速さ。毎日5分の練習で新しい配置を自然な操作にしましょう。
最近	Recent 	直近
轮训练	 sessions	回の練習
最多保留 50 轮 · 键盘体验单独标注	Up to 50 sessions · Keyboard demos are marked separately	最大50回保存 · キーボード体験は別途表示
导出记录	Export history	履歴をエクスポート
第一份成绩，等你创造。	Your first result starts here.	最初の記録を作りましょう。
完成一轮训练后，正确率、反应时间和误触记录会出现在这里。	Finish a session to see accuracy, reaction times and mistakes here.	練習を完了すると、正解率、反応時間、ミスがここに表示されます。
前往训练场	Go to practice	練習へ
训练时间	Date	練習日時
模式	Mode	モード
时长	Duration	時間
最佳连击	Best streak	最長連続正解
详情	Details	詳細
收起	Collapse	閉じる
查看	View	表示
连接 Xbox / PS 手柄	Connect an Xbox / PS controller	Xbox／PS コントローラーを接続
Xbox、DualShock 4（PS4）或 DualSense（PS5）均可使用。通过 USB 或蓝牙连接电脑，Xbox 也可使用无线适配器。在 Chrome / Edge 中打开本页，再按一下手柄上的任意按键；右上角变绿即表示识别成功。	Use an Xbox, DualShock 4 (PS4) or DualSense (PS5) controller over USB or Bluetooth. Xbox wireless adapters also work. Open this page in Chrome / Edge and press a controller button; a green status indicates connection.	Xbox、DualShock 4（PS4）、DualSense（PS5）を USB または Bluetooth で接続できます。Xbox ワイヤレスアダプターも利用可能です。Chrome／Edge で開いてボタンを押し、右上が緑になれば接続完了です。
同步你在 Apex 的键位	Sync your Apex bindings	Apex の配置を同期
打开「键位对照」，导入 profile.cfg 与 settings.cfg，旧方案导入对应 backup 文件；也可以直接手动编辑。所有修改仅影响训练器。	Open Bindings and import profile.cfg plus settings.cfg. Use the matching backup files for the old layout, or edit manually. Changes affect only this trainer.	「ボタン配置」で profile.cfg と settings.cfg を読み込みます。旧配置には対応する backup ファイルを使うか、手動で入力してください。変更はこの練習アプリのみに反映されます。
选择适合你的训练	Choose a practice mode	練習モードを選択
「改键专项」提高高频与改动动作的权重，并训练滑铲接换弹、跳跃接技能等动作组。可编辑顺序、连续动作比例和切题间隔。	Remap practice emphasizes frequent and changed actions, with sequences such as Slide → Reload and Jump → Tactical. Adjust their order, frequency and step intervals.	配置変更の練習では、頻出・変更済みアクションを重点的に出題し、スライディング→リロードなどの連続操作も練習します。順番、割合、間隔を調整できます。
让练习形成反馈	Learn from each session	結果を次の練習に活用
按错时题目保留，按对后自动切题。平均反应时间包含纠正错误的用时。按 Esc 或切出页面暂停；结束后可在训练记录查看各按键的表现。	Mistakes keep the current prompt; correct inputs advance it. Reaction time includes corrections. Press Esc or leave the window to pause. Review each action in History afterward.	間違えると同じ問題を続け、正解すると次に進みます。反応時間には修正時間も含みます。Esc または別ウィンドウへの切り替えで一時停止し、終了後は履歴で結果を確認できます。
手柄没有被识别？	Controller not detected?	コントローラーが認識されない場合
先在 Windows「设置 → 蓝牙和设备」中确认连接，再回到浏览器按下手柄按键。页面需要保持前台，并通过 localhost 打开。需要浏览器提供 standard 映射。如果不支持，可更新浏览器、改用 USB，或使用将设备输出为标准手柄的映射工具。DS4Windows / Steam Input 输出虚拟 Xbox 时，可在顶部手动选择 PS 按键显示。	Check Windows Settings → Bluetooth & devices, then return to the browser and press a button. Keep this localhost page in the foreground. The browser must provide standard mapping. Try updating the browser, using USB, or a standard-controller mapping tool. For virtual Xbox output from DS4Windows / Steam Input, select PS labels at the top.	Windows の「設定→Bluetooth とデバイス」で接続を確認し、ブラウザーに戻ってボタンを押してください。localhost のページを前面に表示する必要があります。標準マッピングに未対応の場合は、ブラウザー更新、USB 接続、または標準コントローラー出力ツールを試してください。仮想 Xbox 出力の場合は上部で PS 表示を選べます。
Elite 背键通常表现为它所映射的普通按键，浏览器无法单独区分。Xbox / PS 系统键、触摸板、麦克风键与震动不参与训练。本版支持双键组合与连续动作组；暂不训练摇杆方向和长按时长。	Elite paddles appear as their assigned buttons and cannot be distinguished separately. Xbox / PS system buttons, touchpads, microphone buttons and vibration are excluded. Two-button chords and sequences are supported; stick directions and hold duration are not.	Elite の背面ボタンは割り当て先の通常ボタンとして認識されます。Xbox／PS のシステムボタン、タッチパッド、マイク、振動は対象外です。同時押しと連続操作に対応し、スティック方向と長押し時間は判定しません。
暂时没有手柄时，可以在训练场的「手柄监视器」启用键盘体验。体验成绩不会计入手柄每日目标。	Without a controller, enable Keyboard demo in the controller monitor. Demo results do not count toward the daily controller target.	コントローラーがない場合は「コントローラー表示」でキーボード体験を有効にできます。体験の結果はコントローラーの日次目標に加算されません。
专注输入，建立本能。	Focused practice. Natural input.	入力に集中し、自然な操作へ。
动作表现	Action performance	アクション別成績
按误触次数排序 ·	Sorted by mistakes · 	ミスの多い順 · 
次按回旧键	 old-binding mistakes	回の旧配置ミス
% 正确 ·	% accuracy · 	% 正解 · 
次误触	 mistakes	回のミス
尚未按对	No correct input yet	まだ正解なし
次旧键	 old-binding mistakes	回の旧配置ミス
连续动作中的切换表现	Sequence transitions	連続操作の切り替え成績
最近误触：	Recent mistakes: 	最近のミス：
{{0}} 应按 {{1}}，误按 {{2}}{{3}}	{{0}}: expected {{1}}, pressed {{2}}{{3}}	{{0}}：正解は{{1}}、入力は{{2}}{{3}}
（旧键习惯）	 (old binding)	（旧配置の癖）
；	; 	；
手动编辑的旧键位	Old bindings (manual)	旧配置（手動編集）
手动编辑的当前键位	Current bindings (manual)	現在の配置（手動編集）
先对齐两套键位，再练习新的反应。	Compare both layouts before practicing.	新旧の配置を確認してから練習しましょう。
左边保留旧习惯，右边是训练答案。支持直接上传配置，也可以逐项手动输入。	Old bindings are on the left; current answers are on the right. Import configuration files or edit each action manually.	左が以前の配置、右が練習で使う現在の配置です。設定ファイルの読み込みと手動入力に対応しています。
载入本次提供的文件	Load bundled profile snapshot	同梱の設定スナップショットを読み込む
个动作已改键	 remapped actions	個の変更済みアクション
个旧键改作其他动作	 reused old buttons	個の旧ボタンが別アクションに変更
旧键冲突会自动生成往返动作组，并在专项训练中增加出现频率。	Old-binding conflicts generate drills in both directions and appear more often in remap practice.	旧配置の競合は往復の練習として自動生成され、配置変更の練習で重点的に出題されます。
请先导入或填写旧键位，才能判断变化和旧习惯误触。	Import or enter old bindings to detect changes and old-habit mistakes.	変更や旧配置のミスを検出するには、以前の配置を読み込むか入力してください。
前后键位对照	Before / after bindings	変更前後のボタン配置
训练始终使用右侧当前键位	Practice always uses the current layout on the right	練習では右側の現在の配置を使います
只看改动	Changes only	変更のみ表示
游戏动作	Action	アクション
改键前 · 旧习惯	Before · Old layout	変更前 · 旧配置
改键后 · 当前答案	After · Current layout	変更後 · 現在の配置
变化与冲突	Changes and conflicts	変更と競合
高频动作	Frequent action	頻出アクション
等待旧方案	Old layout needed	旧配置が必要です
旧键现在是「	Old button now: 	旧ボタンの現在の用途：
」	”	」
动作绑定已变化	Binding changed	割り当て変更済み
未改动	Unchanged	変更なし
两套键位目前相同。导入新方案或直接修改上方设置。	Both layouts match. Import another profile or edit the settings above.	新旧の配置が同じです。別の設定を読み込むか、上の設定を編集してください。
组合键需同时按下；摇杆	Press chord buttons together; 	組み合わせは同時に押してください。
指按压。	 means stick click.	はスティックの押し込みです。
旧大招 = 技能 + 标记	Old Ultimate = Tactical + Ping	旧アルティメット＝アビリティ＋シグナル
新大招 = 技能 + 标记	New Ultimate = Tactical + Ping	新アルティメット＝アビリティ＋シグナル
正在录入	Capturing 	入力待ち：
旧方案	old layout	旧配置
当前方案	current layout	現在の配置
：按下手柄键，或按 Esc 取消。组合键请使用表格里的第二个按键菜单。	: press a controller button, or Esc to cancel. Use the second menu for chords.	：ボタンを押してください。Esc でキャンセルできます。同時押しは表の2つ目のメニューで設定してください。
标准默认参考布局（手动选择）	Standard reference layout (manually selected)	標準参考配置（手動選択）
旧方案使用默认参考	Use standard old layout	旧配置を標準参考にする
练习这些改键	Practice these bindings	この配置で練習
改前	Before 	変更前：
改后	After 	変更後：
{{0}}主按键	{{0}} primary button	{{0}}のメインボタン
不训练 / 未设置	Off / Unassigned	無効／未設定
{{0}}录入	Capture {{0}}	{{0}}を入力
取消	Cancel	キャンセル
录入	Capture	入力
{{0}}组合键	{{0}} chord button	{{0}}の同時押しボタン
单键	Single button	単独ボタン
改键前	Before	変更前
改键后	After	変更後
配置文件最大 2 MB，请选择文本格式的 .cfg 文件。	Files must be no larger than 2 MB. Choose a plain-text .cfg file.	ファイルの上限は2 MBです。テキスト形式の .cfg ファイルを選択してください。
请选择 .cfg 或 .txt 格式的 Apex 配置文件。	Choose an Apex .cfg or .txt configuration file.	Apex の .cfg または .txt 設定ファイルを選択してください。
读取失败，请重试。	Could not read the file. Please try again.	ファイルを読み込めませんでした。もう一度試してください。
方案	 profile	の設定
导入{{0}}配置	Import {{0}} configuration	{{0}}の設定を読み込む
正在读取配置…	Reading configuration…	設定を読み込み中…
拖入配置，或点击选择	Drop files here, or click to browse	ファイルをドロップ、またはクリックして選択
· 可多选	· Multiple files allowed	· 複数選択可
移除{{0}}	Remove {{0}}	{{0}}を取り除く
· 识别	· Recognized: 	· 認識：
个动作	 actions	アクション
未识别的动作保留原设置	Unrecognized actions keep their current bindings	認識できないアクションは現在の設定を保持します
查看识别结果	Preview imported bindings	認識結果を確認
已应用到	Applied to 	適用済み：
应用到	Apply to 	適用：
配置只在浏览器内解析，不会上传到服务器。仅有 settings 文件时，通常还需要配套 profile。	Files are parsed in your browser and never uploaded. A settings file usually needs its matching profile file.	ファイルはブラウザー内で解析し、サーバーに送信しません。settings ファイルには通常、対応する profile ファイルも必要です。
常用基础	Basics	基本操作
从两步练起，再挑战你指定的 8 步实战串练。	Start with two steps, then try the eight-step combat chain.	2ステップから始めて、8ステップの実戦シーケンスに挑戦しましょう。
交火衔接	Combat chains	戦闘の連続操作
新增 4 组 · 针对改键编排的交火场景，重点练换枪、换弹和技能冲突。	4 new drills · Practice weapon swaps, reloads and ability conflicts after remapping.	新規4組 · 配置変更後の武器切り替え、リロード、アビリティの競合を重点的に練習します。
身法预习	Movement rehearsal	移動操作の予習
新增 3 组 · 参考近期玩家教程选题，先熟悉按键，再进游戏练地形与时机。	3 new drills · Learn the buttons, then practice terrain and timing in Apex using recent community guides.	新規3組 · 最近のプレイヤー解説を参考にボタンを覚え、ゲーム内で地形とタイミングを練習しましょう。
连招训练快捷入口	Quick combo drills	連続操作のクイック練習
11 组 · 同页完整预览	11 drills · Full preview here	全11組 · このページでプレビュー
随机专项	Random drills	ランダム練習
连招分类	Combo categories	連続操作の分類
新增	New	新規
练习{{0}}	Practice {{0}}	{{0}}を練習
请先在键位对照中启用本组需要的动作	Enable the required actions in Bindings first	必要なアクションをボタン配置で有効にしてください
未设置	Unassigned	未設定
所需动作未启用	Required action disabled	必要なアクションが無効です
{{0}} 步 · {{1}}	{{0}} steps · {{1}}	{{0}}ステップ · {{1}}
已选：	Selected: 	選択中：
· 下方预览，点击「开始训练」练习	· Preview below, then select Start practice	· 下のプレビューを確認して「練習開始」を選択
选一组查看完整步骤，再点击「开始训练」。	Select a drill to preview all steps, then select Start practice.	組を選んで全ステップを確認し、「練習開始」を選択してください。
第 {{0}} / {{1}} 步	Step {{0}} / {{1}}	ステップ {{0}} / {{1}}
{{0}} 步连招预览	{{0}}-step preview	{{0}}ステップのプレビュー
完成	Done	完了
现在按	Press now	今押す
起手	Start	開始
接下来	Next	次
间隔	Pause 	間隔
已完成	Completed	完了
当前步骤	Current step	現在のステップ
准备起手	Start with	最初の操作
同时按下两键	Press both together	2つを同時に押す
配置文件导入引导	Configuration import guide	設定ファイルの読み込みガイド
找到 Apex 配置文件	Find your Apex configuration	Apex の設定ファイルを探す
打开 profile 文件夹	Open the profile folder	profile フォルダーを開く
按 Win + R，粘贴下方路径后回车，或粘贴到资源管理器地址栏。	Press Win + R, paste this path and press Enter, or paste it into File Explorer's address bar.	Win + R を押し、このパスを貼り付けて Enter を押すか、エクスプローラーのアドレスバーに貼り付けてください。
profile 配置目录	Profile directory	profile 設定フォルダー
复制 profile 路径	Copy profile path	profile パスをコピー
选择对应文件	Choose the matching files	対応するファイルを選択
改键后选择 profile.cfg；改键前选择 profile_backup.cfg。没有旧文件时，可以手动填写旧键位。	Use profile.cfg for the new layout and profile_backup.cfg for the old one. If there is no backup, enter the old bindings manually.	変更後は profile.cfg、変更前は profile_backup.cfg を選択します。バックアップがない場合は以前の配置を手動入力できます。
导入并应用	Import and apply	読み込んで適用
将文件拖入下方对应上传框，查看识别结果，再点击「应用到方案」。	Drop each file into the matching box below, review the preview, then apply it to the profile.	下の対応する枠にファイルをドロップし、認識結果を確認して設定に適用してください。
可选：补充 settings 文件	Optional: add settings files	任意：settings ファイルを追加
settings.cfg 和 settings_backup.cfg 位于 local 文件夹，可以同时导入。自定义手柄布局应优先提供 profile 文件。	settings.cfg and settings_backup.cfg are in the local folder and can be imported too. For custom controller layouts, start with the profile file.	settings.cfg と settings_backup.cfg は local フォルダーにあり、同時に読み込めます。カスタム配置の場合は profile ファイルを優先してください。
local 配置目录	Local directory	local 設定フォルダー
复制 local 路径	Copy local path	local パスをコピー
复制失败，已选中路径。请按 Ctrl + C 手动复制。	Copy failed. The path is selected; press Ctrl + C to copy it manually.	コピーできませんでした。パスを選択したので、Ctrl + C でコピーしてください。
目录已复制，按 Win + R 粘贴后回车打开。	Path copied. Press Win + R, paste it and press Enter.	パスをコピーしました。Win + R で貼り付け、Enter を押してください。
网页不会自动读取本机目录；请在文件夹中选择文件后导入。	This page does not read local folders automatically. Select the files yourself to import them.	このページはフォルダーを自動読み込みしません。ファイルを選択して読み込んでください。
{{0}} 手柄示意图，目标键和按下的按键会高亮	{{0}} controller diagram; target and pressed buttons are highlighted	{{0}}のコントローラー図。対象ボタンと入力中のボタンがハイライトされます
A 键	A button	A ボタン
B 键	B button	B ボタン
X 键	X button	X ボタン
Y 键	Y button	Y ボタン
左肩键	Left bumper	左ショルダー
右肩键	Right bumper	右ショルダー
左扳机	Left trigger	左トリガー
右扳机	Right trigger	右トリガー
视图键	View button	ビューボタン
菜单键	Menu button	メニューボタン
左摇杆按下	Left stick click	左スティック押し込み
右摇杆按下	Right stick click	右スティック押し込み
十字键上	D-pad up	方向キー上
十字键下	D-pad down	方向キー下
十字键左	D-pad left	方向キー左
十字键右	D-pad right	方向キー右
跳跃	Jump	ジャンプ
蹲下 / 滑铲	Crouch / Slide	しゃがみ／スライディング
互动 / 换弹	Interact / Reload	アクション／リロード
切换武器	Swap weapon	武器切り替え
战术技能	Tactical ability	戦術アビリティ
标记	Ping	シグナル
瞄准	Aim	エイム
射击	Fire	射撃
冲刺	Sprint	ダッシュ
近战攻击	Melee	格闘
使用治疗物品	Use healing item	回復アイテム使用
角色额外动作	Extra character action	キャラクター固有アクション
切换射击模式	Toggle fire mode	射撃モード切り替え
装备手雷	Equip grenade	グレネード装備
打开地图	Open map	マップを開く
打开背包	Open inventory	インベントリを開く
终极技能 / 大招	Ultimate ability	アルティメット
滑铲接换弹	Slide into reload	スライディングからリロード
跳跃 · 滑铲 · 换弹	Jump · Slide · Reload	ジャンプ · スライディング · リロード
跳跃与技能切换	Jump / Tactical switch	ジャンプとアビリティの切り替え
技能接换弹	Tactical into reload	アビリティからリロード
滑铲接大招	Slide into Ultimate	スライディングからアルティメット
滑铲跳	Slide jump	スライディングジャンプ
滑铲	Slide	スライディング
先把蹲键与跳键接顺	Connect crouch and jump inputs	しゃがみとジャンプをスムーズにつなぐ
游戏里需要先有移动速度才能滑铲；这里练习滑铲与跳跃的按键切换。	Sliding in Apex requires movement speed first. This drill practices the Slide → Jump button transition.	ゲーム内のスライディングには移動速度が必要です。ここではスライディングからジャンプへのボタン切り替えを練習します。
跳跃接换弹	Jump into reload	ジャンプからリロード
换弹	Reload	リロード
跳完能立即找到换弹键	Find reload immediately after jumping	ジャンプ後すぐにリロードボタンを押す
按你当前的跳跃与互动 / 换弹键练习。游戏中互动键的作用取决于附近物体与互动设置。	Use your current Jump and Interact / Reload bindings. In Apex, interaction depends on nearby objects and your interaction settings.	現在のジャンプとアクション／リロードの配置で練習します。ゲーム内の動作は周囲の物体とアクション設定によって変わります。
重点适应滑铲后的换弹	Focus on reloading after a slide	スライディング後のリロードに慣れる
先练滑铲到换弹的顺序；游戏中的移动方向、掩体与换弹完成时间需要另行判断。	Practice Slide → Reload first. In Apex, judge movement direction, cover and reload completion separately.	まずスライディングからリロードの順番を練習します。ゲームでは移動方向、遮蔽物、リロード完了を別途判断してください。
实战串练	Combat chain	実戦シーケンス
技能	Tactical	アビリティ
蹲下	Crouch	しゃがみ
换枪	Swap	武器変更
你指定的 8 步高压串练	Eight-step pressure drill	8ステップの実戦操作練習
练习忙乱时连续找键。技能效果、弹药和角色姿态由游戏决定；每次射击只计一次按下。	Practice finding buttons under pressure. Ability effects, ammo and stance are determined in Apex; each fire step counts one press.	忙しい場面でボタンを探す練習です。アビリティ効果、弾薬、姿勢はゲーム側で決まります。射撃は1回の押下として判定します。
切枪补枪	Swap and finish	武器変更から追撃
再射击	Fire again	再射撃
第一把枪打完，切第二把接上	Switch to your second weapon and keep firing	1本目から2本目の武器へつなぐ
练习射击 → 换枪 → 射击的切换，减少打完一梭子后误按换弹。是否切枪仍要看副武器弹药和交火距离。	Practice Fire → Swap → Fire to reduce accidental reloads after a burst. Whether to swap depends on secondary ammo and fight distance.	射撃→武器変更→射撃で、撃ち終わりの誤リロードを減らします。実際に武器を変えるかは残弾と交戦距離で判断してください。
蹲下换弹再开火	Crouch, reload, fire	しゃがみ・リロード・射撃
射击后，蹲键与换弹键连续衔接	Connect crouch and reload after firing	射撃後にしゃがみとリロードをつなぐ
模拟有合适掩体时的按键顺序。训练不检查掩体、姿态或弹匣；游戏里要等换弹完成再开火。	Rehearse inputs for suitable cover. This trainer does not check cover, stance or ammo; in Apex, wait for the reload to finish.	遮蔽物がある場面を想定した入力です。遮蔽物、姿勢、弾倉は判定しません。ゲームではリロード完了後に射撃してください。
滑铲跳接开火	Slide jump into fire	スライディングジャンプから射撃
移动键切到扳机，再切枪补伤害	Go from movement to firing, then swap	移動操作から射撃、武器変更へ
衔接滑铲跳与双武器输入。游戏里需要控制移动方向、准星和散布；这里专注于找对按键。	Connect a slide jump with both weapons. In Apex, control movement, aim and spread; this drill focuses on the right buttons.	スライディングジャンプと2つの武器操作をつなぎます。ゲームでは移動方向、照準、拡散を制御し、ここでは正しいボタンに集中します。
技能与大招切换	Tactical / Ultimate switch	アビリティとアルティメットの切り替え
大招	Ultimate	アルティメット
单键技能切到大招组合键	Switch from Tactical to the Ultimate chord	アビリティの単独入力からアルティメットの同時押しへ
专门练技能、跳跃与大招的键位冲突；大招按当前绑定输入。这是按键串练，英雄技能的施放条件和动画需在游戏中确认。	Practice Tactical, Jump and Ultimate binding conflicts. Use your current Ultimate binding. Ability conditions and animations must be checked in Apex.	アビリティ、ジャンプ、アルティメットの配置競合を練習します。アルティメットは現在の配置を使用します。発動条件やアニメーションはゲーム内で確認してください。
蹬墙跳按键预习	Wall bounce rehearsal	壁ジャンプの入力予習
起跳	Jump off	ジャンプ開始
再按跳	Jump again	もう一度ジャンプ
滑铲跳后，再次找到跳键	Find jump again after a slide jump	スライディングジャンプ後に再度ジャンプ
简化为滑铲 → 跳 → 再跳。游戏里要有速度、合适墙面与入墙角度，并在触墙时处理摇杆方向和再次起跳；本页不判断蹬墙成功。	Simplified to Slide → Jump → Jump. Apex also requires speed, a suitable wall and approach angle, stick control and wall-contact timing. This page does not judge wall-bounce success.	スライディング→ジャンプ→再ジャンプに簡略化しています。ゲームでは速度、壁、進入角度、スティック操作、接触タイミングが必要です。このページでは壁ジャンプの成功を判定しません。
兔子跳按键预习	Bunny hop rehearsal	バニーホップの入力予習
第二次跳	Second jump	2回目のジャンプ
第三次跳	Third jump	3回目のジャンプ
练习蹲键起手与连续重新按跳	Start with crouch, then repeat jump presses	しゃがみからジャンプを繰り返す
游戏里需要速度、持续蹲姿、落地跳跃和摇杆控制；按住蹲 / 切换蹲的操作不同。本页只检查按下顺序，不检查持续蹲姿或落地时机。连续跳要松开再按。	Apex requires speed, a crouched stance, landing timing and stick control. Hold / toggle crouch behave differently. Only press order is checked here. Release Jump before pressing it again.	ゲームでは速度、しゃがみ姿勢、着地タイミング、スティック操作が必要です。しゃがみの長押し／切り替えで操作が異なります。ここでは押す順番のみ判定します。ジャンプは一度離してから再度押してください。
滑索跳按键预习	Zipline jump rehearsal	ジップラインジャンプの入力予習
互动	Interact	アクション
第一次跳	First jump	1回目のジャンプ
互动键接连续两次跳跃	Interact, then press Jump twice	アクションからジャンプを2回
先熟悉互动 → 跳 → 跳。游戏里的滑索超级跳还需要合适的站位、滑索距离与快速输入时机；本页放慢练找键，不判断超级跳成功。连续跳要松开再按。	Learn Interact → Jump → Jump first. Zipline super jumps also require positioning, distance and fast timing. This slower drill does not judge a successful super jump. Release Jump between presses.	まずアクション→ジャンプ→ジャンプを覚えましょう。ゲームでは立ち位置、ジップラインとの距離、素早い入力が必要です。ここではゆっくり練習し、スーパージャンプの成功は判定しません。ジャンプは一度離してから押してください。
可调停顿	Adjustable pause	間隔を調整可能
{{0}} 秒停顿	{{0}} s pause	{{0}}秒の間隔
{{0}}–{{1}} 秒停顿	{{0}}–{{1}} s pauses	{{0}}～{{1}}秒の間隔
默认参考布局	Default reference layout	標準参考配置
尚未设置	Not set	未設定
{{0}} · {{1}}摇杆按下	{{0}} · {{1}} stick click	{{0}} · {{1}}スティック押し込み
左	Left	左
右	Right	右
肩键	Bumper	ショルダー
扳机	Trigger	トリガー
{{0}} 键	{{0}} button	{{0}} ボタン
休息一下，准备好后继续。	Take a break. Resume when ready.	休憩して、準備ができたら再開してください。
当前浏览器不支持 Gamepad API，请使用最新版 Chrome 或 Edge。	This browser does not support the Gamepad API. Use the latest Chrome or Edge.	このブラウザーは Gamepad API に対応していません。最新版の Chrome または Edge を使用してください。
浏览器阻止了手柄访问，请在本机 localhost 页面中打开。	Controller access was blocked. Open the local localhost page.	コントローラーへのアクセスが拒否されました。localhost のページで開いてください。
手柄连接发生变化，确认连接后继续。	The controller connection changed. Check it before resuming.	コントローラーの接続が変わりました。確認してから再開してください。
手柄已断开，重新连接后可继续。	Controller disconnected. Reconnect to resume.	コントローラーが切断されました。再接続して再開してください。
窗口已失去焦点，训练已自动暂停。	The window lost focus. Practice was paused automatically.	ウィンドウが非アクティブになったため、練習を自動停止しました。
改前{{0}}	Before {{0}}	変更前：{{0}}
改后{{0}}	After {{0}}	変更後：{{0}}
整组 {{0}} 步，跟随高亮逐步完成。错键保留当前步骤，完成一整组后重新开始。	Follow all {{0}} steps in order. A mistake keeps the current step; completing the sequence starts it again.	全{{0}}ステップを順に練習します。間違えた場合は同じステップを続け、すべて完了すると最初に戻ります。
另有 {{0}} 组旧键冲突自动加练，例如：	Plus {{0}} automatic old-binding conflict drills, such as: 	旧配置の混同を減らす練習をさらに{{0}}組追加します。例：
今天已完成 {{0}} 次正确输入	{{0}} correct inputs today	今日の正解入力：{{0}}回
Language / 语言 / 言語	Language / 语言 / 言語	Language / 语言 / 言語
中文	中文	中文
日本語	日本語	日本語
练习 {{0}}	Practice {{0}}	{{0}}を練習
按误触次数排序 · {{0}} 次按回旧键	Sorted by mistakes · {{0}} old-binding errors	ミスの多い順 · 旧配置の誤入力{{0}}回
{{0}}% 正确 · {{1}} 次误触	{{0}}% correct · {{1}} mistakes	正解率{{0}}% · ミス{{1}}回
{{0}}% 正确 · {{1}} 次误触 · {{2}} 次旧键	{{0}}% correct · {{1}} mistakes · {{2}} old-binding errors	正解率{{0}}% · ミス{{1}}回 · 旧配置の誤入力{{2}}回
旧键现在是「{{0}}」	Old button now means “{{0}}”	以前のボタンは現在「{{0}}」
组合键需同时按下；摇杆 {{0}} 指按压。	Press chord buttons together; {{0}} means clicking the sticks.	同時押しのボタンは一緒に押してください。{{0}}はスティック押し込みです。
 旧方案使用默认参考	 Use default reference for Before	 変更前を標準配置にする
移除	Remove	削除
{{0}}方案	{{0}} profile	{{0}}の設定
应用到{{0}}方案	Apply to {{0}} profile	{{0}}の設定に適用
已应用到{{0}}方案	Applied to {{0}} profile	{{0}}の設定に適用済み
间隔 {{0}} 秒	Pause {{0}} s	間隔 {{0}}秒
